cust,CentroidCustomerOU
ALA,ALACHUACOUNTYCLERKOFTHECOURTSFL
AVA,AVALONCA
AVE,AVENALCA
BAC,BAYCOUNTYCLERKCOURTFL
BRE,BREMERTONWA
BTV,BATAVIAIL
BUE,BUENAPARKCA
CCC,CLAYCOUNTYCLERKOFCIRCUITCOURTFL
CIS,CITRUSCOUNTYSHERIFFSOFFICEPAFL
CMT,CALUMETCITYIL
CSC,CENTRALSIERRACHILDSUPPORTAGENCYCA
EME,EMERYVILLECA
ERI,ERIEPA
FWL,FOWLERCA
GLD,GLADSTONEMO
GLO,GLOUCESTERCOUNTYVA
HFM,HOFFMANESTATESIL
LIN,LINDSAYCA
LIR,LIVERMORECA
LMP,LAKEMETROPARKSOH
MEA,MEADVILLEPA
NWL,NORWALKCA
OPA,OPALOCKAPOLICEFL
ORO,OROVILLECA
PCG,PACIFICGROVECA
PET,PETERSTOWNSHIPPA
POU,POULSBOWA
RHE,ROLLINGHILLSESTATESCA
SJC,STJOHNSCOUNTYCLERKOFTHECOURTFL
SRA,SARASOTACOUNTYFL
SRS,SANTAROSACOUNTYSHERIFFFL
STA,SANTAROSACOUNTYFL
TMK,"Tompkins County, NY"
TML,TEMPLECITYCA
WAT,WALTONCOUNTYGA
WCH,WESTCHICAGOIL
WLN,WALNUTCA