SAN,In Use?,split cert already created?,us-east-1 or us-west-2,client_id,aws_profile,local_domain,servers_added,name_filters
aspgov.com,yes,,,,,,,
*.ancocloud.aspgov.com,yes,,us-east-1,ANCO,PALegacyFinEntANCO,anco.cloud.lcl,,"onsjb,onsap,onsrp,onsol,pxsf,trkwb,etawb"
*.brentcloud.aspgov.com,yes,,,BRENT,PALegacyFinEntBRENT,brent.cloud.lcl,,"onsjb,onsap,onsrp,onsol,pxsf,trkwb,etawb"
*.bruncld.aspgov.com,no,,,BRUN,PALegacyFinEntBRUN,brun.cloud.lcl,,"onsjb,onsap,onsrp,onsol,pxsf"
*.bruncloud.aspgov.com,yes,,,BRUN,PALegacyFinEntBRUN,brun.cloud.lcl,,"onsjb,onsap,onsrp,onsol,pxsf,trkwb,etawb"
*.calcocloud.aspgov.com,no,,,CALCO,PALegacyFinEntCALCO,calco.cloud.lcl,,"onsjb,onsap,onsrp,onsol,pxsf"
*.camcld.aspgov.com,no,,,CAM,PALegacyFinEntCAM,cam.cloud.lcl,,"onsjb,onsap,onsrp,onsol,pxsf"
*.camcloud.aspgov.com,yes,,,CAM,PALegacyFinEntCAM,cam.cloud.lcl,,"onsjb,onsap,onsrp,onsol,pxsf,trkwb,etawb"
*.cascloud.aspgov.com,yes,,,CAS,PALegacyFinEntCAS,cas.cloud.lcl,,"onsjb,onsap,onsrp,onsol,pxsf,trkwb,etawb"
*.casscld.aspgov.com,no,,,CASS,PALegacyFinEntCASS,cass.cloud.lcl,,"onsjb,onsap,onsrp,onsol,pxsf"
*.ccwdcloud.aspgov.com,yes,yes,,CCWD,PALegacyFinEntCCWD,ccwd.cloud.lcl,,"onsjb,onsap,onsrp,onsol,pxsf"
*.cmvcloud.aspgov.com,yes,,,CMV,PALegacyFinEntCMV,cmv.cloud.lcl,,"onsjb,onsap,onsrp,onsol,pxsf,trkwb,etawb"
*.coacloud.aspgov.com,yes,,,COA,PALegacyFinEntCOA,coa.cloud.lcl,,"onsjb,onsap,onsrp,onsol,pxsf,trkwb,etawb"
*.cosccloud.aspgov.com,yes,,,COSC,PALegacyFinEntCOSC,cosc.cloud.lcl,,"onsjb,onsap,onsrp,onsol,pxsf,trkwb,etawb"
*.cosmcloud.aspgov.com,yes,,,COSM,PALegacyFinEntCOSM,cosm.cloud.lcl,,"onsjb,onsap,onsrp,onsol,pxsf,trkwb,etawb"
*.cowcloud.aspgov.com,yes,,,COW,PALegacyFinEntCOW,cow.cloud.lcl,,"onsjb,onsap,onsrp,onsol,pxsf,trkwb,etawb"
*.dalycloud.aspgov.com,yes,,,DALY,PALegacyFinEntDALY,daly.cloud.lcl,,"onsjb,onsap,onsrp,onsol,pxsf,trkwb,etawb"
*.demo1cloud.aspgov.com,no,,,DEMO1,PALegacyFinEntDEMO1,demo1.cloud.lcl,,"onsjb,onsap,onsrp,onsol,pxsf"
*.demo2cloud.aspgov.com,no,,,DEMO2,PALegacyFinEntDEMO2,demo2.cloud.lcl,,"onsjb,onsap,onsrp,onsol,pxsf"
*.dentcloud.aspgov.com,no,,,DENT,PALegacyFinEntDENT,dent.cloud.lcl,,"onsjb,onsap,onsrp,onsol,pxsf"
*.devcloud.aspgov.com,no,,,DEV,PALegacyFinEntDEV,dev.cloud.lcl,,"onsjb,onsap,onsrp,onsol,pxsf"
*.dhillcloud.aspgov.com,yes,,,DHILL,PALegacyFinEntDHILL,dhill.cloud.lcl,,"onsjb,onsap,onsrp,onsol,pxsf,trkwb,etawb"
*.drcloud.aspgov.com,no,,,DR,PALegacyFinEntDR,dr.cloud.lcl,,"onsjb,onsap,onsrp,onsol,pxsf"
*.ebprkcloud.aspgov.com,yes,,,EBPRK,PALegacyFinEntEBPRK,ebprk.cloud.lcl,,"onsjb,onsap,onsrp,onsol,pxsf,trkwb,etawb"
*.elgrcld.aspgov.com,yes,,,ELGR,PALegacyFinEntELGR,elgr.cloud.lcl,,"onsjb,onsap,onsrp,onsol,pxsf,trkwb,etawb"
*.fitcld.aspgov.com,yes,yes,,FIT,PALegacyFinEntFIT,fit.cloud.lcl,,"onsjb,onsap,onsrp,onsol,pxsf"
*.ggbcloud.aspgov.com,yes,,,GGB,PALegacyFinEntGGB,ggb.cloud.lcl,,"onsjb,onsap,onsrp,onsol,pxsf,trkwb,etawb"
*.glenncloud.aspgov.com,yes,,,GLENN,PALegacyFinEntGLENN,glenn.cloud.lcl,,"onsjb,onsap,onsrp,onsol,pxsf,trkwb,etawb"
*.impcloud.aspgov.com,yes,,,IMP,PALegacyFinEntIMP,imp.cloud.lcl,,"onsjb,onsap,onsrp,onsol,pxsf,trkwb,etawb"
*.isbcloud.aspgov.com,yes,,,ISB,PALegacyFinEntISB,isb.cloud.lcl,,"onsjb,onsap,onsrp,onsol,pxsf,trkwb,etawb"
*.jacocloud.aspgov.com,yes,,,JACO,PALegacyFinEntJACO,jaco.cloud.lcl,,"onsjb,onsap,onsrp,onsol,pxsf,trkwb,etawb"
*.jerscloud.aspgov.com,yes,,,JERS,PALegacyFinEntJERS,jers.cloud.lcl,,"onsjb,onsap,onsrp,onsol,pxsf,trkwb,etawb"
*.kettcloud.aspgov.com,yes,,,KETT,PALegacyFinEntKETT,kett.cloud.lcl,,"onsjb,onsap,onsrp,onsol,pxsf,trkwb,etawb"
*.lapocld.aspgov.com,yes,yes,,LAPO,PALegacyFinEntLAPO,lapo.cloud.lcl,,"onsjb,onsap,onsrp,onsol,pxsf"
*.macocloud.aspgov.com,no,,,MACO,PALegacyFinEntMACO,maco.cloud.lcl,,"onsjb,onsap,onsrp,onsol,pxsf"
*.madccloud.aspgov.com,yes,,,MADC,PALegacyFinEntMADC,madc.cloud.lcl,,"onsjb,onsap,onsrp,onsol,pxsf,trkwb,etawb"
*.mauicloud.aspgov.com,yes,,,MAUI,PALegacyFinEntMAUI,maui.cloud.lcl,,"onsjb,onsap,onsrp,onsol,pxsf,trkwb,etawb"
*.mddlcloud.aspgov.com,yes,,,MDDL,PALegacyFinEntMDDL,mddl.cloud.lcl,,"onsjb,onsap,onsrp,onsol,pxsf,trkwb,etawb"
*.mddlicloud.aspgov.com,yes,,,MDDLI,PALegacyFinEntMDDLI,mddli.cloud.lcl,,"onsjb,onsap,onsrp,onsol,pxsf,trkwb,etawb"
*.mericloud.aspgov.com,no,,,MERI,PALegacyFinEntMERI,meri.cloud.lcl,,"onsjb,onsap,onsrp,onsol,pxsf"
*.mobicld.aspgov.com,no,,,MOBI,PALegacyFinEntMOBI,mobi.cloud.lcl,,"onsjb,onsap,onsrp,onsol,pxsf"
*.mtccloud.aspgov.com,yes,,,MTC,PALegacyFinEntMTC,mtc.cloud.lcl,,"onsjb,onsap,onsrp,onsol,pxsf,trkwb,etawb"
*.murrcloud.aspgov.com,yes,,,MURR,PALegacyFinEntMURR,murr.cloud.lcl,,"onsjb,onsap,onsrp,onsol,pxsf,trkwb,etawb"
*.nuccloud.aspgov.com,no,,,NUC,PALegacyFinEntNUC,nuc.cloud.lcl,,"onsjb,onsap,onsrp,onsol,pxsf"
*.pietdcloud.aspgov.com,yes,,,PIETD,PALegacyFinEntPIETD,pietd.cloud.lcl,,"onsjb,onsap,onsrp,onsol,pxsf,trkwb,etawb"
*.plchccloud.aspgov.com,no,,,PLCHC,PALegacyFinEntPLCHC,plchc.cloud.lcl,,"onsjb,onsap,onsrp,onsol,pxsf"
*.plcntcloud.aspgov.com,no,,,PLCNT,PALegacyFinEntPLCNT,plcnt.cloud.lcl,,"onsjb,onsap,onsrp,onsol,pxsf"
*.puycloud.aspgov.com,no,,,PUY,PALegacyFinEntPUY,puy.cloud.lcl,,"onsjb,onsap,onsrp,onsol,pxsf"
*.racocloud.aspgov.com,yes,,,RACO,PALegacyFinEntRACO,raco.cloud.lcl,,"onsjb,onsap,onsrp,onsol,pxsf,trkwb,etawb"
*.scrcloud.aspgov.com,yes,,,SCR,PALegacyFinEntSCR,scr.cloud.lcl,,"onsjb,onsap,onsrp,onsol,pxsf,trkwb,etawb"
*.shdcloud.aspgov.com,no,,,SHD,PALegacyFinEntSHD,shd.cloud.lcl,,"onsjb,onsap,onsrp,onsol,pxsf"
*.sjccloud.aspgov.com,no,,,SJC,PALegacyFinEntSJC,sjc.cloud.lcl,,"onsjb,onsap,onsrp,onsol,pxsf"
*.sjscloud.aspgov.com,yes,,,SJS,PALegacyFinEntSJS,sjs.cloud.lcl,,"onsjb,onsap,onsrp,onsol,pxsf,trkwb,etawb"
*.stpbcloud.aspgov.com,yes,,,STPB,PALegacyFinEntSTPB,stpb.cloud.lcl,,"onsjb,onsap,onsrp,onsol,pxsf,trkwb,etawb"
*.tcacloud.aspgov.com,yes,,,TCA,PALegacyFinEntTCA,tca.cloud.lcl,,"onsjb,onsap,onsrp,onsol,pxsf,trkwb,etawb"
*.trincloud.aspgov.com,yes,,,TRIN,PALegacyFinEntTRIN,trin.cloud.lcl,,"onsjb,onsap,onsrp,onsol,pxsf,trkwb,etawb"
*.tukwcloud.aspgov.com,yes,,,TUKW,PALegacyFinEntTUKW,tukw.cloud.lcl,,"onsjb,onsap,onsrp,onsol,pxsf,trkwb,etawb"
*.tuolcloud.aspgov.com,yes,,,TUOL,PALegacyFinEntTUOL,tuol.cloud.lcl,,"onsjb,onsap,onsrp,onsol,pxsf,trkwb,etawb"
*.unmcloud.aspgov.com,yes,,,UNM,PALegacyFinEntUNM,unm.cloud.lcl,,"onsjb,onsap,onsrp,onsol,pxsf,trkwb,etawb"
*.vallcloud.aspgov.com,yes,,,VALL,PALegacyFinEntVALL,vall.cloud.lcl,,"onsjb,onsap,onsrp,onsol,pxsf,trkwb,etawb"
*.vanicloud.aspgov.com,no,,,VANI,PALegacyFinEntVANI,vani.cloud.lcl,,"onsjb,onsap,onsrp,onsol,pxsf"
*.west.aspgov.com,no,,,WEST,PALegacyFinEntWEST,west.cloud.lcl,,"onsjb,onsap,onsrp,onsol,pxsf"
*.westcloud.aspgov.com,yes,,,WEST,PALegacyFinEntWEST,west.cloud.lcl,,"onsjb,onsap,onsrp,onsol,pxsf,trkwb,etawb"
*.ncrtdcloud.aspgov.com,yes,,,NCRTD,PALegacyFinEntNCRTD,ncrtd.cloud.lcl,,"onsjb,onsap,onsrp,onsol,pxsf,trkwb,etawb"
*.elkocloud.aspgov.com,yes,,,ELKO,PALegacyFinEntELKO,elko.cloud.lcl,,"onsjb,onsap,onsrp,onsol,pxsf,trkwb,etawb"
*.lwclcloud.aspgov.com,yes,yes,,LWCL,PALegacyFinEntLWCL,lwcl.cloud.lcl,,"onsjb,onsap,onsrp,onsol,pxsf"
*.beltcloud.aspgov.com,yes,,,BELT,PALegacyFinEntBELT,belt.cloud.lcl,,"onsjb,onsap,onsrp,onsol,pxsf,trkwb,etawb"
*.pocacloud.aspgov.com,no,,,POCA,PALegacyFinEntPOCA,poca.cloud.lcl,,"onsjb,onsap,onsrp,onsol,pxsf"
*.tehcloud.aspgov.com,yes,,,TEH,PALegacyFinEntTEH,teh.cloud.lcl,,"onsjb,onsap,onsrp,onsol,pxsf,trkwb,etawb"
*.sanacloud.aspgov.com,yes,,,SANA,PALegacyFinEntSANA,sana.cloud.lcl,,"onsjb,onsap,onsrp,onsol,pxsf,trkwb,etawb"
*.dcsccloud.aspgov.com,yes,,,DCSC,PALegacyFinEntDCSC,dcsc.cloud.lcl,,"onsjb,onsap,onsrp,onsol,pxsf,trkwb,etawb"
*.rckccloud.aspgov.com,yes,,,RCKC,PALegacyFinEntRCKC,rckc.cloud.lcl,,"onsjb,onsap,onsrp,onsol,pxsf,trkwb,etawb"
*.camcocloud.aspgov.com,yes,,,CAMCO,PALegacyFinEntCAMCO,camco.cloud.lcl,,"onsjb,onsap,onsrp,onsol,pxsf,trkwb,etawb"
*.cdrfcloud.aspgov.com,yes,yes,,CDRF,PALegacyFinEntCDRF,cdrf.cloud.lcl,,"onsjb,onsap,onsrp,onsol,pxsf"
*.svcsdemocloud.aspgov.com,no,,,SVCSDEMO,PALegacyFinEntSVCSDEMO,svcsdemo.cloud.lcl,,"onsjb,onsap,onsrp,onsol,pxsf"
*.sjrtdcloud.aspgov.com,yes,,,SJRTD,PALegacyFinEntSJRTD,sjrtd.cloud.lcl,,"onsjb,onsap,onsrp,onsol,pxsf,trkwb,etawb"
*.yavacloud.aspgov.com,yes,,,YAVA,PALegacyFinEntYAVA,yava.cloud.lcl,,"onsjb,onsap,onsrp,onsol,pxsf,trkwb,etawb"
*.solcloud.aspgov.com,yes,,,SOL,PALegacyFinEntSOL,sol.cloud.lcl,,"onsjb,onsap,onsrp,onsol,pxsf,trkwb,etawb"
*.mukicloud.aspgov.com,yes,,,MUKI,PALegacyFinEntMUKI,muki.cloud.lcl,,"onsjb,onsap,onsrp,onsol,pxsf,trkwb,etawb"
*.washccloud.aspgov.com,no,,,WASHC,PALegacyFinEntWASHC,washc.cloud.lcl,,"onsjb,onsap,onsrp,onsol,pxsf"
*.sltcloud.aspgov.com,yes,,,SLT,PALegacyFinEntSLT,slt.cloud.lcl,,"onsjb,onsap,onsrp,onsol,pxsf,trkwb,etawb"
*.enccloud.aspgov.com,yes,,,ENC,PALegacyFinEntENC,enc.cloud.lcl,,"onsjb,onsap,onsrp,onsol,pxsf,trkwb,etawb"
*.hiccloud.aspgov.com,yes,,,HIC,PALegacyFinEntHIC,hic.cloud.lcl,,"onsjb,onsap,onsrp,onsol,pxsf,trkwb,etawb"
*.compcloud.aspgov.com,yes,,,COMP,PALegacyFinEntCOMP,comp.cloud.lcl,,"onsjb,onsap,onsrp,onsol,pxsf,trkwb,etawb"
*.smiacloud.aspgov.com,yes,,,SMIA,PALegacyFinEntSMIA,smia.cloud.lcl,,"onsjb,onsap,onsrp,onsol,pxsf,trkwb,etawb"
*.lkwocloud.aspgov.com,yes,,,LKWO,PALegacyFinEntLKWO,lkwo.cloud.lcl,,"onsjb,onsap,onsrp,onsol,pxsf,trkwb,etawb"
*.owacloud.aspgov.com,yes,yes,,OWA,PALegacyFinEntOWA,owa.cloud.lcl,,"onsjb,onsap,onsrp,onsol,pxsf"
*.oclscloud.aspgov.com,yes,,,OCLS,PALegacyFinEntOCLS,ocls.cloud.lcl,,"onsjb,onsap,onsrp,onsol,pxsf,trkwb,etawb"
*.esccloud.aspgov.com,no,,,ESC,PALegacyFinEntESC,esc.cloud.lcl,,"onsjb,onsap,onsrp,onsol,pxsf"
*.crctcloud.aspgov.com,yes,,,CRCT,PALegacyFinEntCRCT,crct.cloud.lcl,,"onsjb,onsap,onsrp,onsol,pxsf,trkwb,etawb"
*.tmlcloud.aspgov.com,yes,,,TML,PALegacyFinEntTML,tml.cloud.lcl,,"onsjb,onsap,onsrp,onsol,pxsf,trkwb,etawb"
*.sdspcloud.aspgov.com,yes,,,SDSP,PALegacyFinEntSDSP,sdsp.cloud.lcl,,"onsjb,onsap,onsrp,onsol,pxsf,trkwb,etawb"
*.lvrncloud.aspgov.com,yes,,,LVRN,PALegacyFinEntLVRN,lvrn.cloud.lcl,,"onsjb,onsap,onsrp,onsol,pxsf,trkwb,etawb"
*.aspgov.com,yes,,,COMMDEV,PALegacyCommDev,aspgov.pri,,trkwb
*.aspgov.com,yes,,,NAVILINE,PALegacyNaviLine,aspgov.pri,,fusion
*.aspgov.com,yes,,,ANALYTICS,PALegacyAnalytics,aspgov.pri,,cogwb
*.aspgov.com,yes,,,PLUS,PALegacyPlus,aspgov.pri,,"plsap,plsjb,plswf,cogwb"
